﻿<?xml version="1.0" encoding="utf-8"?>
<TextureAtlas imagePath="toad_NOTES.png">
	<!-- Created with Adobe Animate version 19.2.1.408 -->
	<!-- http://www.adobe.com/products/animate.html -->
	<SubTexture name="blue hold end0000" x="0" y="0" width="51" height="64"/>
	<SubTexture name="blue hold piece0000" x="51" y="0" width="51" height="44"/>
	<SubTexture name="blue0000" x="102" y="0" width="155" height="140"/>
	<SubTexture name="green hold end0000" x="0" y="0" width="51" height="64"/>
	<SubTexture name="green hold piece0000" x="51" y="0" width="51" height="44"/>
	<SubTexture name="green0000" x="257" y="0" width="154" height="140"/>
	<SubTexture name="pruple end hold0000" x="0" y="0" width="51" height="64"/>
	<SubTexture name="purple hold piece0000" x="51" y="0" width="51" height="44"/>
	<SubTexture name="purple0000" x="0" y="140" width="140" height="154"/>
	<SubTexture name="red hold end0000" x="0" y="0" width="51" height="64"/>
	<SubTexture name="red hold piece0000" x="51" y="0" width="51" height="44"/>
	<SubTexture name="red0000" x="140" y="140" width="140" height="154"/>
</TextureAtlas>
