﻿<?xml version="1.0" encoding="utf-8"?>
<TextureAtlas imagePath="toad_STRUMS.png">
	<!-- Created with Adobe Animate version 19.2.1.408 -->
	<!-- http://www.adobe.com/products/animate.html -->
	<SubTexture name="arrowLEFT0000" x="0" y="0" width="155" height="158"/>
	<SubTexture name="arrowDOWN0000" x="155" y="0" width="157" height="155"/>
	<SubTexture name="arrowRIGHT0000" x="312" y="0" width="155" height="157"/>
	<SubTexture name="arrowUP0000" x="467" y="0" width="157" height="154"/>
	<SubTexture name="down confirm0000" x="624" y="0" width="237" height="219"/>
	<SubTexture name="down confirm0001" x="0" y="219" width="237" height="219"/>
	<SubTexture name="down confirm0002" x="237" y="219" width="218" height="203" frameX="-6" frameY="-11" frameWidth="237" frameHeight="219"/>
	<SubTexture name="down confirm0003" x="237" y="219" width="218" height="203" frameX="-6" frameY="-11" frameWidth="237" frameHeight="219"/>
	<SubTexture name="left confirm0000" x="455" y="219" width="213" height="229"/>
	<SubTexture name="left confirm0001" x="668" y="219" width="203" height="219" frameX="-5" frameY="-5" frameWidth="213" frameHeight="229"/>
	<SubTexture name="left confirm0002" x="0" y="448" width="211" height="226" frameX="-1" frameY="-1" frameWidth="213" frameHeight="229"/>
	<SubTexture name="left confirm0003" x="0" y="448" width="211" height="226" frameX="-1" frameY="-1" frameWidth="213" frameHeight="229"/>
	<SubTexture name="right confirm0000" x="211" y="448" width="208" height="225" frameX="-2" frameY="-2" frameWidth="213" frameHeight="228"/>
	<SubTexture name="right confirm0001" x="419" y="448" width="208" height="225" frameX="-2" frameY="-2" frameWidth="213" frameHeight="228"/>
	<SubTexture name="right confirm0002" x="627" y="448" width="213" height="228"/>
	<SubTexture name="right confirm0003" x="627" y="448" width="213" height="228"/>
	<SubTexture name="up confirm0000" x="0" y="676" width="235" height="218"/>
	<SubTexture name="up confirm0001" x="235" y="676" width="235" height="218"/>
	<SubTexture name="up confirm0002" x="470" y="676" width="213" height="198" frameX="-11" frameY="-10" frameWidth="235" frameHeight="218"/>
	<SubTexture name="up confirm0003" x="470" y="676" width="213" height="198" frameX="-11" frameY="-10" frameWidth="235" frameHeight="218"/>
</TextureAtlas>
